basin,std_obs,NSE,NNSE,MSE,RMSE,MAE,KGE,Pearson-r,low_var_flag,neg_basin_flag
06847900,0.005500331683611709,-0.6728329729649063,0.37413486368761945,5.060930098032835e-05,0.007114021435188985,0.0029250806555655606,-0.5041144770927577,0.05387824295130423,True,True
