basin,std_obs,NSE,NNSE,MSE,RMSE,MAE,KGE,Pearson-r,low_var_flag,neg_basin_flag
03164000,0.16310607519786174,0.39568558490845707,0.6233192138605446,0.016076933997676734,0.12679485004398536,0.025684948934589294,0.4231201998078512,0.6337768972478681,False,False
05412500,9.153084466436809,0.2986755942183189,0.5877773789652688,58.756226007524695,7.665260987567526,1.898456354902964,0.29206506351343675,0.557728001970473,False,False
06353000,0.018107734220429723,-0.06330586504019697,0.48465911765365827,0.00034864740112921404,0.018672102215048364,0.0028650487867258496,-2.373805442523286,0.006505918378079848,False,True
06784000,0.07941346961882303,-0.08712556370798485,0.4791278576567292,0.006855956450968549,0.08280070320334573,0.039501077738672,-0.30769118571609044,0.3773409360870174,False,True
07014500,1.02743636999951,0.5316582738213254,0.6810403751192693,0.4943934662444685,0.7031311870799563,0.11682812546146609,0.45605084146898167,0.7648073998947035,False,False
07056000,0.37904900449462653,0.628224265777135,0.728982132466804,0.05341604889323712,0.23111912273379093,0.051481002267932625,0.6029940682797452,0.8024027664153286,False,False
07067000,9.128590400385692,0.27044176290150523,0.5781823234108607,60.7949361533308,7.79711075676951,1.212059966718367,0.1917391523154629,0.5879858823372943,False,False
07068000,0.07235003513534155,0.7805395901002001,0.820034821862046,0.001148771569235138,0.03389353285267173,0.015304510968312299,0.8262256820002943,0.8853570558739077,False,False
07301500,0.024227273989369795,-0.023062389216349954,0.4943001290174537,0.0006004975234946314,0.024505050979229392,0.003534321085585571,-0.2229010290894642,0.059598324568129406,False,True
