Metric,Mean,Median,Count
NSE,-3.2280668680410787,0.5760799569332669,517
NNSE,0.7102345853154565,0.7022866240763592,517
MSE,47.50119029033025,0.03729094386486435,517
RMSE,1.8764370484175938,0.19310863228987032,517
MAE,0.44599222379211156,0.06151520293863388,517
KGE,-0.031231019435526624,0.5110337032033778,517
Pearson-r,0.7689740474887587,0.8343083825206797,517
