Metric,Mean,Median,Count
NSE,-0.20776925837283525,0.21284152812818824,517
NNSE,0.559613914478557,0.5595474692026794,517
MSE,142.557293181759,0.08966792554764388,517
RMSE,3.73502410765531,0.29944603111018836,517
MAE,1.5403813270989726,0.09537383963509032,517
KGE,-0.6842081135055602,0.10348249630602313,517
Pearson-r,0.5846178091666779,0.634878049801954,517
