basin,std_obs,NSE,NNSE,MSE,RMSE,MAE,KGE,Pearson-r,low_var_flag,neg_basin_flag
03164000,0.16310607519786174,0.21185203609865433,0.559237837241511,0.020967566683190587,0.14480181864600522,0.03006530444398233,0.10547205430360795,0.5069213122241496,False,False
05412500,9.153084466436809,0.124173435099447,0.5330983251391448,73.37583458732537,8.56596956493107,2.7826469695339306,-0.01485260548793943,0.4570033657381364,False,False
06353000,0.018107734220429723,-0.03478569520061936,0.49145224598279147,0.00033929592153970136,0.018419987012473743,0.0023973882031766425,-1.6729077700608772,0.05016845523634757,False,True
06784000,0.07941346961882303,-0.1736995653630391,0.4600451764055009,0.0074019353194155835,0.08603450075066156,0.04079629296634106,-0.4507967106870485,0.236856092517884,False,True
07014500,1.02743636999951,0.23828698504735968,0.5676293423006146,0.804083677998597,0.8967071305608075,0.1809516053929331,0.051922877954768465,0.5361715636706335,False,False
07056000,0.37904900449462653,0.6087197233013558,0.7187624353971944,0.0562184254300067,0.2371042501306265,0.056280069553664894,0.45718595844716325,0.8154031135543236,False,False
07067000,9.128590400385692,0.17518956899952598,0.5480021283370997,68.7324122207194,8.290501325053835,2.054507832580501,0.068269561248545,0.49523685948164203,False,False
07068000,0.07235003513534155,0.5994630282824949,0.7140118541631079,0.0020966218269012167,0.04578888322400118,0.01760917585435357,0.6166704816614728,0.7790765088612356,False,False
07301500,0.024227273989369795,0.05143370632572819,0.5131978333230693,0.0005567712352891745,0.023596000408738226,0.003525646458286962,-0.08813673249486764,0.22741138202081101,False,False
