basin,std_obs,NSE,NNSE,MSE,RMSE,MAE,KGE,Pearson-r,low_var_flag,neg_basin_flag
01544500,0.005343997675069742,-0.2987480268616014,0.4350194054827593,3.709005025805678e-05,0.006090160117604198,0.004802669241445774,-1.339037621801881,0.44243708415483546,True,True
02363000,0.005695696199470942,-40.31035431526996,0.023634876525699438,0.0013401473535001422,0.03660802307555192,0.006469406160349519,-79.00581038682307,0.6056921364501123,True,True
02472000,0.00486880148329656,-6.715677300329481,0.11473577618141009,0.00018290188868179332,0.013524122473631823,0.007867463944683328,-33.65424811724609,0.4068263803949326,True,True
02472500,0.004884673473893066,-2.4731063072899273,0.22355829066040223,8.286843786503673e-05,0.009103210305438227,0.005186331862035691,-0.135843254673103,0.052125413539730533,True,True
05057000,0.0003493082836865919,-699.7301196481229,0.0014250492774935215,8.550048041771732e-05,0.00924664698243192,0.00482366866305187,-250.2782690635869,-0.016330984818926395,True,True
06847900,0.00971007678196179,0.38326699185856206,0.6185313190021269,5.814903623064665e-05,0.007625551536160952,0.003873453811828417,-30.03233574731511,0.766763715760915,True,False
07056000,0.004957741826320286,-1.6350383130114419,0.2751002641211645,6.47671442866589e-05,0.008047803693347576,0.0051230067327815215,0.032543204683869176,0.13392759329074064,True,True
09447800,0.0007907706655079134,-19.025722469886915,0.047560791379806434,1.2522449638294323e-05,0.003538707340017584,0.003014122316279323,-229.15944002772386,0.4360921652402452,True,True
13161500,0.0058099740395821204,-0.21870583885636719,0.4507131961736083,4.113838853296946e-05,0.0064139214629561426,0.005627687099096767,-2.8670836030244344,0.7102294965719042,True,True
