basin,std_obs,NSE,NNSE,MSE,RMSE,MAE,KGE,Pearson-r,low_var_flag,neg_basin_flag
01544500,0.005343997675069742,-0.11969086486829128,0.4717669055304137,3.197648011200982e-05,0.0056547749833224855,0.003240226710917647,-0.9679797844667175,0.36483766136830353,True,True
02363000,0.005695696199470942,-8.499085294181318,0.09524639261233628,0.00030815940043786143,0.017554469528808365,0.0068369245572670505,-1.4854338330208394,0.3769515993998539,True,True
02472000,0.00486880148329656,-7.084926348438156,0.11007243885603057,0.00019165502151306753,0.013843952524949929,0.007799467004708648,-25.33640411461295,0.09780933241193476,True,True
02472500,0.004884673473893066,-6.438597174680744,0.11850310890540083,0.00017748518854122456,0.013322356718735036,0.010171289214219219,-0.848817669441899,-0.07675680166926493,True,True
05057000,0.0003493082836865919,-530.5009700781295,0.0018779308511931503,6.485176961849839e-05,0.008053059643296974,0.0046962194740849915,-232.87991608496117,0.06850254643152595,True,True
06847900,0.00971007678196179,0.0362484152890904,0.5092293790037671,9.086788784920303e-05,0.009532464940885072,0.00573637672887042,-27.017405165615077,0.6188976915236961,True,False
07056000,0.004957741826320286,-1.519392545341144,0.2841399437876764,6.192466336945218e-05,0.007869222539072853,0.005934848276414707,-0.20375273792772197,0.20741688782522588,True,True
09447800,0.0007907706655079134,-164.00496144377385,0.006023916341432371,0.00010318061297690713,0.010157785830431115,0.009033325775110197,-651.6263209254192,0.29894439279634805,True,True
13161500,0.0058099740395821204,-4.748308251517232,0.14818528773862227,0.0001940387341379272,0.01392977868230243,0.012214335906403058,-8.328346098846508,0.14670350608701208,True,True
